card_id,type,cost,available,scoring,effect
Vine_07_01,VINE,11,true,FIXED:3,RAISE_ALL_D8S_PLUS_1 # Berry Tasty
Vine_07_04,VINE,7,true,PER_GRAFTED_FLOWER,RAISE_ANY_DIE_PLUS_1
Root_07_01,ROOT,9,true,,RAISE_DIE_PLUS_1_AND_WITHDRAW_FROM_STRIKE_SQUARE
Root_07_02,ROOT,7,true,,GAIN_WORM_AND_BOOST_WORMS_PLUS_1_THIS_ROUND
Root_07_03,ROOT,7,true,,GAIN_VP_PER_ONE_SHOWING
Root_07_04,ROOT,9,true,,DISCARD_UP_TO_2_DICE_AND_REDRAW_OR_REROLL_ONE_IN_BATTLE
Root_09_01,ROOT,7,true,,
Root_09_04,ROOT,7,true,,
Vine_11_03,VINE,7,true,,REROLL_DIE_ON_3_DRAW_ONE_AND_REDUCE_OPPOSING_STRIKE_ROW_BY_3
Flower_11_03,FLOWER,11,true,,RAISE_DIE_PLUS_2_AND_REDUCE_OPPOSING_DICE_IN_STRIKE_ROW
Flower_14_01,FLOWER,14,true,,GAIN_OR_STEAL_BEE_AND_BOOST_BEES_PLUS_2_THIS_ROUND
Flower_14_04,FLOWER,14,true,PER_OWNED_D4,GAIN_OR_STEAL_D4_THEN_DISCARD_D4S_AND_DRAW
Flower_14_03,FLOWER,14,true,,REROLL_ONE_DIE_AND_REROLL_HIGHER_OPPOSING_DICE_IN_STRIKE_ROW
