record_type,name,detail,value_1,value_2,source,coverage_or_status
strategy_interface,RewardStrategy,chooseCritter,,,src/main/kotlin/dugsolutions/leaf/v35/player/decision/reward/RewardStrategy.kt,
strategy_interface,WoundStrategy,choose,,,src/main/kotlin/dugsolutions/leaf/v35/player/decision/wound/WoundStrategy.kt,
strategy_interface,BattleStrategy,chooseFirstMainAction; chooseTurnAction; chooseDiePlacement,,,src/main/kotlin/dugsolutions/leaf/v35/player/decision/battle/BattleStrategy.kt,
strategy_interface,BuyStrategy,choosePurchase; choosePayment,,,src/main/kotlin/dugsolutions/leaf/v35/player/decision/buy/BuyStrategy.kt,
strategy_interface,SupportStrategy,chooseButterflyRoll,,,src/main/kotlin/dugsolutions/leaf/v35/player/decision/support/SupportAction.kt,
strategy_interface,EffectStrategy,chooseDie; chooseBattleDie; chooseRootWellBattle; chooseCrossPlayerDieSwap; chooseOptionalDie; chooseDice; chooseDiePair; chooseOptionalDiePair; chooseCritterAndDie; choosePetalToDie4; chooseBeeSource; chooseButterflyTarget; chooseOptionalPlant; chooseOpponentPlantWound; choosePlantEffect; chooseOEdelweiss; chooseWispsToKeep; chooseDieSize; choosePlayer; chooseStrikeRow,,,src/main/kotlin/dugsolutions/leaf/v35/player/decision/effect/EffectStrategy.kt,
strategy_interface,CreaturePlacementStrategy,choose,,,src/main/kotlin/dugsolutions/leaf/v35/player/decision/placement/CreaturePlacementStrategy.kt,
strategy_interface,CultivationStrategy,chooseAction,,,src/main/kotlin/dugsolutions/leaf/v35/player/decision/cultivation/CultivationStrategy.kt,
baseline_implementation,HumanBaselinePolicy,,,,src/main/kotlin/dugsolutions/leaf/v35/player/decision/baseline/HumanBaselinePolicy.kt,
baseline_implementation,HumanBaselineDecisionDirector,,,,src/main/kotlin/dugsolutions/leaf/v35/player/decision/baseline/HumanBaselineDecisionDirector.kt,
baseline_implementation,HumanBaselineRewardStrategy,chooseCritter,,,src/main/kotlin/dugsolutions/leaf/v35/player/decision/baseline/reward/HumanBaselineRewardStrategy.kt,
baseline_implementation,HumanBaselineWoundStrategy,choose,,,src/main/kotlin/dugsolutions/leaf/v35/player/decision/baseline/wound/HumanBaselineWoundStrategy.kt,
baseline_implementation,HumanBaselineCardScorerRegistry,,,,src/main/kotlin/dugsolutions/leaf/v35/player/decision/baseline/card/HumanBaselineCardScorerRegistry.kt,
baseline_implementation,HumanBaselineBattleStrategy,chooseFirstMainAction; chooseTurnAction; chooseDiePlacement,,,src/main/kotlin/dugsolutions/leaf/v35/player/decision/baseline/battle/HumanBaselineBattleStrategy.kt,
baseline_implementation,HumanBaselineBuyStrategy,choosePurchase; choosePayment,,,src/main/kotlin/dugsolutions/leaf/v35/player/decision/baseline/buy/HumanBaselineBuyStrategy.kt,
baseline_implementation,HumanBaselineBuyPlanner,,,,src/main/kotlin/dugsolutions/leaf/v35/player/decision/baseline/buy/HumanBaselineBuyPlanner.kt,
baseline_implementation,HumanBaselineSupportStrategy,chooseButterflyRoll,,,src/main/kotlin/dugsolutions/leaf/v35/player/decision/baseline/support/HumanBaselineSupportStrategy.kt,
baseline_implementation,HumanBaselineEffectStrategy,chooseDie; chooseBattleDie; chooseRootWellBattle; chooseCrossPlayerDieSwap; chooseOptionalDie; chooseDice; chooseDiePair; chooseOptionalDiePair; chooseCritterAndDie; choosePetalToDie4; chooseBeeSource; chooseButterflyTarget; chooseOptionalPlant; chooseOpponentPlantWound; choosePlantEffect; chooseOEdelweiss; chooseWispsToKeep; chooseDieSize; choosePlayer; chooseStrikeRow,,,src/main/kotlin/dugsolutions/leaf/v35/player/decision/baseline/effect/HumanBaselineEffectStrategy.kt,
baseline_implementation,HumanBaselineCreaturePlacementStrategy,choose,,,src/main/kotlin/dugsolutions/leaf/v35/player/decision/baseline/placement/HumanBaselineCreaturePlacementStrategy.kt,
baseline_implementation,HumanBaselineCultivationStrategy,chooseAction,,,src/main/kotlin/dugsolutions/leaf/v35/player/decision/baseline/cultivation/HumanBaselineCultivationStrategy.kt,
card_scorer,Flower_11_01,GAIN_OR_STEAL_BUTTERFLY_AND_REFRESH_ALL_BUTTERFLIES,60,60,src/main/kotlin/dugsolutions/leaf/v35/player/decision/baseline/card/plant/flower/AlluringNectarBaseline.kt,"base scores are strategy priorities, not objective strength"
card_scorer,Flower_11_02,RAISE_DIE_PLUS_1_PER_GRAFTED_VINE_OR_FLOWER,70,70,src/main/kotlin/dugsolutions/leaf/v35/player/decision/baseline/card/plant/flower/BloomBackboneBaseline.kt,"base scores are strategy priorities, not objective strength"
card_scorer,Flower_11_03,RAISE_DIE_PLUS_2_AND_REDUCE_OPPOSING_DICE_IN_STRIKE_ROW,55,82,src/main/kotlin/dugsolutions/leaf/v35/player/decision/baseline/card/plant/flower/SappingSnapdragonBaseline.kt,"base scores are strategy priorities, not objective strength"
card_scorer,Flower_11_04,DRAW_ONE_DIE_AND_SWAP_TWO_OWN_DICE_RAISE_ONE_PLUS_2_IN_BATTLE,50,65,src/main/kotlin/dugsolutions/leaf/v35/player/decision/baseline/card/plant/flower/TransplantTulipBaseline.kt,"base scores are strategy priorities, not objective strength"
card_scorer,Flower_14_01,GAIN_OR_STEAL_BEE_AND_BOOST_BEES_THIS_ROUND,68,68,src/main/kotlin/dugsolutions/leaf/v35/player/decision/baseline/card/plant/flower/BeeLovedBloomBaseline.kt,"base scores are strategy priorities, not objective strength"
card_scorer,Flower_14_02,RAISE_DIE_PLUS_1_AND_FLIP_HIGHER_OPPOSING_DICE_IN_STRIKE_ROW,35,78,src/main/kotlin/dugsolutions/leaf/v35/player/decision/baseline/card/plant/flower/BloomBackflipBaseline.kt,"base scores are strategy priorities, not objective strength"
card_scorer,Flower_14_03,REROLL_ONE_DIE_AND_REROLL_HIGHER_OPPOSING_DICE_IN_STRIKE_ROW,48,72,src/main/kotlin/dugsolutions/leaf/v35/player/decision/baseline/card/plant/flower/GustOfPetalsBaseline.kt,"base scores are strategy priorities, not objective strength"
card_scorer,Flower_14_04,GAIN_D4_SET_TO_4_OR_TRASH_D4_RAISE_ALL_DICE_PLUS_4,65,65,src/main/kotlin/dugsolutions/leaf/v35/player/decision/baseline/card/plant/flower/PetalToDie4Baseline.kt,"base scores are strategy priorities, not objective strength"
card_scorer,Flower_17_01,RAISE_DIE_PLUS_1_AND_DRAW_ONE_PER_MAX_DIE,82,82,src/main/kotlin/dugsolutions/leaf/v35/player/decision/baseline/card/plant/flower/BurstingBlossomBaseline.kt,"base scores are strategy priorities, not objective strength"
card_scorer,Flower_17_02,ROLL_DIE_FROM_DISCARD_INTO_HAND,72,72,src/main/kotlin/dugsolutions/leaf/v35/player/decision/baseline/card/plant/flower/ForgetMeNotBaseline.kt,"base scores are strategy priorities, not objective strength"
card_scorer,Flower_17_03,PLAY_OR_FLIP_ANOTHER_CARD_TWICE,85,85,src/main/kotlin/dugsolutions/leaf/v35/player/decision/baseline/card/plant/flower/OEdelweissBaseline.kt,"base scores are strategy priorities, not objective strength"
card_scorer,Flower_17_04,DRAW_TWO_DICE,82,82,src/main/kotlin/dugsolutions/leaf/v35/player/decision/baseline/card/plant/flower/QueensBlossomBaseline.kt,"base scores are strategy priorities, not objective strength"
card_scorer,Root_05_01,DOUBLE_ONE_DIE,55,55,src/main/kotlin/dugsolutions/leaf/v35/player/decision/baseline/card/plant/root/RootDoubleDownBaseline.kt,"base scores are strategy priorities, not objective strength"
card_scorer,Root_05_02,RAISE_DIE_PLUS_4,58,58,src/main/kotlin/dugsolutions/leaf/v35/player/decision/baseline/card/plant/root/RootFourMoreBaseline.kt,"base scores are strategy priorities, not objective strength"
card_scorer,Root_05_03,REROLL_DIE_UNTIL_3_PLUS_IGNORE_ROLL_REWARDS,45,45,src/main/kotlin/dugsolutions/leaf/v35/player/decision/baseline/card/plant/root/RootOnARollBaseline.kt,"base scores are strategy priorities, not objective strength"
card_scorer,Root_05_04,GAIN_WATER_AND_SPEND_1_TO_REROLL_TWO_OWN_OR_ONE_OPPONENT_BATTLE_DIE,40,65,src/main/kotlin/dugsolutions/leaf/v35/player/decision/baseline/card/plant/root/RootWellBaseline.kt,"base scores are strategy priorities, not objective strength"
card_scorer,Root_07_01,RAISE_DIE_PLUS_1_AND_WITHDRAW_FROM_STRIKE_SQUARE,40,55,src/main/kotlin/dugsolutions/leaf/v35/player/decision/baseline/card/plant/root/RootAndScootBaseline.kt,"base scores are strategy priorities, not objective strength"
card_scorer,Root_07_02,GAIN_WORM_AND_BOOST_WORMS_THIS_ROUND,60,60,src/main/kotlin/dugsolutions/leaf/v35/player/decision/baseline/card/plant/root/RootAppreciationBaseline.kt,"base scores are strategy priorities, not objective strength"
card_scorer,Root_07_03,SET_DIE_SHOWING_2_PLUS_TO_1_AND_GAIN_VP_PER_ONE,45,45,src/main/kotlin/dugsolutions/leaf/v35/player/decision/baseline/card/plant/root/RootDownPaymentBaseline.kt,"base scores are strategy priorities, not objective strength"
card_scorer,Root_07_04,DISCARD_ANY_NUMBER_OF_DICE_AND_REDRAW_OR_REROLL_ONE_IN_BATTLE,55,55,src/main/kotlin/dugsolutions/leaf/v35/player/decision/baseline/card/plant/root/RootRecallBaseline.kt,"base scores are strategy priorities, not objective strength"
card_scorer,Root_09_01,UPGRADE_DIE_AND_USE_NOW,75,75,src/main/kotlin/dugsolutions/leaf/v35/player/decision/baseline/card/plant/root/RootAwakeningBaseline.kt,"base scores are strategy priorities, not objective strength"
card_scorer,Root_09_02,FLIP_OWN_DIE_TO_OPPOSITE_FACE,55,55,src/main/kotlin/dugsolutions/leaf/v35/player/decision/baseline/card/plant/root/RootCauseBaseline.kt,"base scores are strategy priorities, not objective strength"
card_scorer,Root_09_03,SET_DIE_TO_MATCH_ANOTHER,55,55,src/main/kotlin/dugsolutions/leaf/v35/player/decision/baseline/card/plant/root/RootKindredBaseline.kt,"base scores are strategy priorities, not objective strength"
card_scorer,Root_09_04,MULCH_DIE_FROM_DISCARD,65,65,src/main/kotlin/dugsolutions/leaf/v35/player/decision/baseline/card/plant/root/RootLootBaseline.kt,"base scores are strategy priorities, not objective strength"
card_scorer,Vine_07_01,RAISE_ANY_DIE_PLUS_1,30,30,src/main/kotlin/dugsolutions/leaf/v35/player/decision/baseline/card/plant/vine/BerryImportantBaseline.kt,"base scores are strategy priorities, not objective strength"
card_scorer,Vine_07_02,FLIP_OWN_PLANT_OR_FLIP_OPPONENT_ROOT_OR_VINE_IN_BATTLE,55,55,src/main/kotlin/dugsolutions/leaf/v35/player/decision/baseline/card/plant/vine/SnipHappensBaseline.kt,"base scores are strategy priorities, not objective strength"
card_scorer,Vine_07_03,REUSE_SPENT_ROOT_OR_VINE_EFFECT,60,60,src/main/kotlin/dugsolutions/leaf/v35/player/decision/baseline/card/plant/vine/VineAndAgainBaseline.kt,"base scores are strategy priorities, not objective strength"
card_scorer,Vine_07_04,RAISE_ANY_DIE_PLUS_1,30,30,src/main/kotlin/dugsolutions/leaf/v35/player/decision/baseline/card/plant/vine/VineYieldBaseline.kt,"base scores are strategy priorities, not objective strength"
card_scorer,Vine_09_01,SET_LOWEST_VALUE_DIE_TO_MAX,68,68,src/main/kotlin/dugsolutions/leaf/v35/player/decision/baseline/card/plant/vine/LowAndBeholdBaseline.kt,"base scores are strategy priorities, not objective strength"
card_scorer,Vine_09_02,FLIP_OWN_PLANT_OR_WOUND_CHOSEN_OPPONENT_CHOOSE_CARD_IN_BATTLE,45,80,src/main/kotlin/dugsolutions/leaf/v35/player/decision/baseline/card/plant/vine/PartingThornBaseline.kt,"base scores are strategy priorities, not objective strength"
card_scorer,Vine_09_03,RAISE_ALL_DICE_PLUS_2,72,72,src/main/kotlin/dugsolutions/leaf/v35/player/decision/baseline/card/plant/vine/RiseAndVineBaseline.kt,"base scores are strategy priorities, not objective strength"
card_scorer,Vine_09_04,TRASH_CRITTER_TO_RAISE_DIE_PLUS_5,45,45,src/main/kotlin/dugsolutions/leaf/v35/player/decision/baseline/card/plant/vine/VineAndDineBaseline.kt,"base scores are strategy priorities, not objective strength"
card_scorer,Vine_11_01,DISCARD_ONE_DIE_DRAW_TWO,70,70,src/main/kotlin/dugsolutions/leaf/v35/player/decision/baseline/card/plant/vine/ReapWhatYouRollBaseline.kt,"base scores are strategy priorities, not objective strength"
card_scorer,Vine_11_02,RAISE_DIE_PLUS_1_PER_ROOT_OR_VINE,65,65,src/main/kotlin/dugsolutions/leaf/v35/player/decision/baseline/card/plant/vine/SaplinkTrellisBaseline.kt,"base scores are strategy priorities, not objective strength"
card_scorer,Vine_11_03,SET_ANY_DIE_TO_3_OR_REDUCE_OPPOSING_STRIKE_ROW_BY_3,35,75,src/main/kotlin/dugsolutions/leaf/v35/player/decision/baseline/card/plant/vine/VineAndPunishmentBaseline.kt,"base scores are strategy priorities, not objective strength"
card_scorer,Vine_11_04,SET_DIE_UP_TO_D12_TO_MAX,70,70,src/main/kotlin/dugsolutions/leaf/v35/player/decision/baseline/card/plant/vine/VinesTheLimitBaseline.kt,"base scores are strategy priorities, not objective strength"
card_scorer,Wisp_Award_VP,GAIN_ONE_VP,45,45,src/main/kotlin/dugsolutions/leaf/v35/player/decision/baseline/card/wisp/WispOfHonorBaseline.kt,"base scores are strategy priorities, not objective strength"
card_scorer,Wisp_Award_VP2,GAIN_ONE_VP,45,45,src/main/kotlin/dugsolutions/leaf/v35/player/decision/baseline/card/wisp/BerryPatientBaseline.kt,"base scores are strategy priorities, not objective strength"
card_scorer,Wisp_Gain_Critters,GAIN_ANY_TWO_CRITTERS,60,60,src/main/kotlin/dugsolutions/leaf/v35/player/decision/baseline/card/wisp/WhisperingWingsBaseline.kt,"base scores are strategy priorities, not objective strength"
card_scorer,Wisp_Gain_Green,GAIN_OR_REFRESH_GREEN_BUTTERFLY,58,58,src/main/kotlin/dugsolutions/leaf/v35/player/decision/baseline/card/wisp/PollinatingWispBaseline.kt,"base scores are strategy priorities, not objective strength"
card_scorer,Wisp_Gain_Purple,GAIN_OR_REFRESH_GREEN_BUTTERFLY,58,58,src/main/kotlin/dugsolutions/leaf/v35/player/decision/baseline/card/wisp/PollinatingWispBaseline.kt,"base scores are strategy priorities, not objective strength"
card_scorer,Wisp_Gain_Red,GAIN_OR_REFRESH_GREEN_BUTTERFLY,58,58,src/main/kotlin/dugsolutions/leaf/v35/player/decision/baseline/card/wisp/PollinatingWispBaseline.kt,"base scores are strategy priorities, not objective strength"
card_scorer,Wisp_Gain_Yellow,GAIN_OR_REFRESH_GREEN_BUTTERFLY,58,58,src/main/kotlin/dugsolutions/leaf/v35/player/decision/baseline/card/wisp/PollinatingWispBaseline.kt,"base scores are strategy priorities, not objective strength"
card_scorer,Wisp_Mulch_Die,GAIN_MULCH_AND_STORE_DIE_FROM_DISCARD,72,72,src/main/kotlin/dugsolutions/leaf/v35/player/decision/baseline/card/wisp/PocketedSparkBaseline.kt,"base scores are strategy priorities, not objective strength"
card_scorer,Wisp_Quake,REROLL_ALL_PLAYERS_DICE_KEEP_ONE_OWN,50,50,src/main/kotlin/dugsolutions/leaf/v35/player/decision/baseline/card/wisp/WispquakeBaseline.kt,"base scores are strategy priorities, not objective strength"
card_scorer,Wisp_Reckoning,LIMIT_WISPS_AND_TRASH_EXCESS,55,55,src/main/kotlin/dugsolutions/leaf/v35/player/decision/baseline/card/wisp/WispReckoningBaseline.kt,"base scores are strategy priorities, not objective strength"
card_scorer,Wisp_Swap_Die,SWAP_OWN_DIE_WITH_OPPONENT_SAME_SIZE,20,68,src/main/kotlin/dugsolutions/leaf/v35/player/decision/baseline/card/wisp/PollenTheftBaseline.kt,"base scores are strategy priorities, not objective strength"
card_scorer,Wisp_Upgrade_Die,UPGRADE_DIE_TWO_STEPS_SKIP_MISSING_AND_USE_NOW,85,85,src/main/kotlin/dugsolutions/leaf/v35/player/decision/baseline/card/wisp/OvergrowthBaseline.kt,"base scores are strategy priorities, not objective strength"
card_scorer,Wisps_Resolve,RESOLVE_STRIKE_IMMEDIATELY_AND_CLEAR_ROW,20,75,src/main/kotlin/dugsolutions/leaf/v35/player/decision/baseline/card/wisp/WispsLastWordBaseline.kt,"base scores are strategy priorities, not objective strength"
numeric_constant,DEFAULT_PROTECTED_BEE_RESERVE,Normal Critter reserve Human Baseline tries to carry toward Battle.,2,,src/main/kotlin/dugsolutions/leaf/v35/player/decision/baseline/HumanBaselinePolicy.kt:236,calibration value; no empirical unit documented
numeric_constant,DEFAULT_PROTECTED_WORM_RESERVE,Normal Critter reserve Human Baseline tries to carry toward Battle.,1,,src/main/kotlin/dugsolutions/leaf/v35/player/decision/baseline/HumanBaselinePolicy.kt:237,calibration value; no empirical unit documented
numeric_constant,DEFAULT_PROTECTED_WATER_RESERVE,Normal Critter reserve Human Baseline tries to carry toward Battle.,1,,src/main/kotlin/dugsolutions/leaf/v35/player/decision/baseline/HumanBaselinePolicy.kt:238,calibration value; no empirical unit documented
numeric_constant,DEFAULT_PROTECTED_MULCH_RESERVE,default protected mulch reserve,1,,src/main/kotlin/dugsolutions/leaf/v35/player/decision/baseline/HumanBaselinePolicy.kt:239,calibration value; no empirical unit documented
numeric_constant,DEFAULT_POST_RESERVE_BEE_PROBABILITY,Neutral Critter rewards favor Bees two times out of three after the reserve is filled.,2.0 / 3.0,,src/main/kotlin/dugsolutions/leaf/v35/player/decision/baseline/HumanBaselinePolicy.kt:242,calibration value; no empirical unit documented
numeric_constant,DEFAULT_CULTIVATION_DICE_DEFICIT_POINTS_PER_POWER,"Development need is intentionally only a modest nudge. One missing die-power point adds one PriorityScore point, capped at +9.",1,,src/main/kotlin/dugsolutions/leaf/v35/player/decision/baseline/HumanBaselinePolicy.kt:251,calibration value; no empirical unit documented
numeric_constant,DEFAULT_CULTIVATION_DICE_DEFICIT_MAX_BONUS,"die-power point adds one PriorityScore point, capped at +9.",9,,src/main/kotlin/dugsolutions/leaf/v35/player/decision/baseline/HumanBaselinePolicy.kt:252,calibration value; no empirical unit documented
numeric_constant,DEFAULT_CULTIVATION_DONE_SCORE,Benchmark that remaining Support choices must beat after Main Actions.,55,,src/main/kotlin/dugsolutions/leaf/v35/player/decision/baseline/HumanBaselinePolicy.kt:255,calibration value; no empirical unit documented
numeric_constant,DEFAULT_CULTIVATION_RESERVE_SPEND_PENALTY_PER_UNIT,The support rewrite will apply this knob once action-specific Support scoring and the associated reserve targets are finalized.,15,,src/main/kotlin/dugsolutions/leaf/v35/player/decision/baseline/HumanBaselinePolicy.kt:262,calibration value; no empirical unit documented
numeric_constant,DEFAULT_OVERGROWTH_D4_USE_PERCENTAGE,These deliberately favor saving the Wisp for a larger die or a later Battle opportunity instead of immediately consuming it on a D4/D6.,5,,src/main/kotlin/dugsolutions/leaf/v35/player/decision/baseline/HumanBaselinePolicy.kt:269,calibration value; no empirical unit documented
numeric_constant,DEFAULT_OVERGROWTH_D6_USE_PERCENTAGE,Battle opportunity instead of immediately consuming it on a D4/D6.,10,,src/main/kotlin/dugsolutions/leaf/v35/player/decision/baseline/HumanBaselinePolicy.kt:270,calibration value; no empirical unit documented
numeric_constant,DEFAULT_OVERGROWTH_D8_USE_PERCENTAGE,default overgrowth d8 use percentage,20,,src/main/kotlin/dugsolutions/leaf/v35/player/decision/baseline/HumanBaselinePolicy.kt:271,calibration value; no empirical unit documented
numeric_constant,DEFAULT_OVERGROWTH_D10_USE_PERCENTAGE,default overgrowth d10 use percentage,40,,src/main/kotlin/dugsolutions/leaf/v35/player/decision/baseline/HumanBaselinePolicy.kt:272,calibration value; no empirical unit documented
numeric_constant,DEFAULT_SUNLIGHT_USE_PERCENTAGE,"+3 can actually beat that expected draw, an ordinary player still chooses the effect only about half the time.",50,,src/main/kotlin/dugsolutions/leaf/v35/player/decision/baseline/HumanBaselinePolicy.kt:279,calibration value; no empirical unit documented
numeric_constant,DEFAULT_MULCH_VALUE_1_USE_PERCENTAGE,Willingness to Mulch a die from Hand by its current showing value. Five or higher is never voluntarily Mulched by the Human Baseline.,80,,src/main/kotlin/dugsolutions/leaf/v35/player/decision/baseline/HumanBaselinePolicy.kt:285,calibration value; no empirical unit documented
numeric_constant,DEFAULT_MULCH_VALUE_2_USE_PERCENTAGE,Five or higher is never voluntarily Mulched by the Human Baseline.,60,,src/main/kotlin/dugsolutions/leaf/v35/player/decision/baseline/HumanBaselinePolicy.kt:286,calibration value; no empirical unit documented
numeric_constant,DEFAULT_MULCH_VALUE_3_USE_PERCENTAGE,default mulch value 3 use percentage,40,,src/main/kotlin/dugsolutions/leaf/v35/player/decision/baseline/HumanBaselinePolicy.kt:287,calibration value; no empirical unit documented
numeric_constant,DEFAULT_MULCH_VALUE_4_USE_PERCENTAGE,default mulch value 4 use percentage,20,,src/main/kotlin/dugsolutions/leaf/v35/player/decision/baseline/HumanBaselinePolicy.kt:288,calibration value; no empirical unit documented
numeric_constant,DEFAULT_POCKETED_SPARK_CULTIVATION_D4_USE_PERCENTAGE,Pocketed Spark is normally saved for Battle and/or a large discarded die. A D6 in Cultivation is deliberately exceptional.,0,,src/main/kotlin/dugsolutions/leaf/v35/player/decision/baseline/HumanBaselinePolicy.kt:294,calibration value; no empirical unit documented
numeric_constant,DEFAULT_POCKETED_SPARK_CULTIVATION_D6_USE_PERCENTAGE,die. A D6 in Cultivation is deliberately exceptional.,5,,src/main/kotlin/dugsolutions/leaf/v35/player/decision/baseline/HumanBaselinePolicy.kt:295,calibration value; no empirical unit documented
numeric_constant,DEFAULT_POCKETED_SPARK_CULTIVATION_D8_USE_PERCENTAGE,default pocketed spark cultivation d8 use percentage,10,,src/main/kotlin/dugsolutions/leaf/v35/player/decision/baseline/HumanBaselinePolicy.kt:296,calibration value; no empirical unit documented
numeric_constant,DEFAULT_POCKETED_SPARK_CULTIVATION_D10_USE_PERCENTAGE,default pocketed spark cultivation d10 use percentage,20,,src/main/kotlin/dugsolutions/leaf/v35/player/decision/baseline/HumanBaselinePolicy.kt:297,calibration value; no empirical unit documented
numeric_constant,DEFAULT_POCKETED_SPARK_CULTIVATION_D12_USE_PERCENTAGE,default pocketed spark cultivation d12 use percentage,50,,src/main/kotlin/dugsolutions/leaf/v35/player/decision/baseline/HumanBaselinePolicy.kt:298,calibration value; no empirical unit documented
numeric_constant,DEFAULT_POCKETED_SPARK_CULTIVATION_D20_USE_PERCENTAGE,default pocketed spark cultivation d20 use percentage,80,,src/main/kotlin/dugsolutions/leaf/v35/player/decision/baseline/HumanBaselinePolicy.kt:299,calibration value; no empirical unit documented
numeric_constant,DEFAULT_POCKETED_SPARK_BATTLE_D4_USE_PERCENTAGE,default pocketed spark battle d4 use percentage,5,,src/main/kotlin/dugsolutions/leaf/v35/player/decision/baseline/HumanBaselinePolicy.kt:301,calibration value; no empirical unit documented
numeric_constant,DEFAULT_POCKETED_SPARK_BATTLE_D6_USE_PERCENTAGE,default pocketed spark battle d6 use percentage,15,,src/main/kotlin/dugsolutions/leaf/v35/player/decision/baseline/HumanBaselinePolicy.kt:302,calibration value; no empirical unit documented
numeric_constant,DEFAULT_POCKETED_SPARK_BATTLE_D8_USE_PERCENTAGE,default pocketed spark battle d8 use percentage,30,,src/main/kotlin/dugsolutions/leaf/v35/player/decision/baseline/HumanBaselinePolicy.kt:303,calibration value; no empirical unit documented
numeric_constant,DEFAULT_POCKETED_SPARK_BATTLE_D10_USE_PERCENTAGE,default pocketed spark battle d10 use percentage,50,,src/main/kotlin/dugsolutions/leaf/v35/player/decision/baseline/HumanBaselinePolicy.kt:304,calibration value; no empirical unit documented
numeric_constant,DEFAULT_POCKETED_SPARK_BATTLE_D12_USE_PERCENTAGE,default pocketed spark battle d12 use percentage,75,,src/main/kotlin/dugsolutions/leaf/v35/player/decision/baseline/HumanBaselinePolicy.kt:305,calibration value; no empirical unit documented
numeric_constant,DEFAULT_POCKETED_SPARK_BATTLE_D20_USE_PERCENTAGE,default pocketed spark battle d20 use percentage,95,,src/main/kotlin/dugsolutions/leaf/v35/player/decision/baseline/HumanBaselinePolicy.kt:306,calibration value; no empirical unit documented
numeric_constant,DEFAULT_LOW_PLANT_PRIORITY_PERCENTAGE,"Creature whenever they currently have fewer than two grafted Plants. The 90% gate keeps rare ""take the shiny die anyway"" games possible.",90,,src/main/kotlin/dugsolutions/leaf/v35/player/decision/baseline/HumanBaselinePolicy.kt:313,calibration value; no empirical unit documented
numeric_constant,DEFAULT_LOW_PLANT_FLOOR,"The 90% gate keeps rare ""take the shiny die anyway"" games possible.",2,,src/main/kotlin/dugsolutions/leaf/v35/player/decision/baseline/HumanBaselinePolicy.kt:314,calibration value; no empirical unit documented
numeric_constant,DEFAULT_BUY_BALANCE_DIFFERENCE_FOR_85_PERCENT,"Logistic Buy-category tuning point. When one side is behind by this many balance points, Human Baseline favors the weaker side 85/15.",3.0,,src/main/kotlin/dugsolutions/leaf/v35/player/decision/baseline/HumanBaselinePolicy.kt:326,calibration value; no empirical unit documented
numeric_constant,DEFAULT_BUY_PLANT_NORMAL_VP_POINTS_PER_VP,"During ordinary Buy decisions, printed/projected VP matters but is intentionally secondary to the Plant's reusable effect.",1,,src/main/kotlin/dugsolutions/leaf/v35/player/decision/baseline/HumanBaselinePolicy.kt:371,calibration value; no empirical unit documented
numeric_constant,DEFAULT_BUY_PLANT_END_GAME_VP_POINTS_PER_VP,"During the final Cultivation block before the game's last Battle, Plant VP becomes much more important as final scoring approaches.",5,,src/main/kotlin/dugsolutions/leaf/v35/player/decision/baseline/HumanBaselinePolicy.kt:377,calibration value; no empirical unit documented
numeric_constant,DEFAULT_BUY_PLANT_DIVERSITY_PENALTY_BASE,Maximum per-copy diversification pressure for a very weak current purchase.,10.0,,src/main/kotlin/dugsolutions/leaf/v35/player/decision/baseline/HumanBaselinePolicy.kt:380,calibration value; no empirical unit documented
numeric_constant,DEFAULT_BUY_PLANT_DIVERSITY_VALUE_SCALE,Current purchase-value scale over which diversification pressure decays exponentially. Strong cards therefore invite repeat buys.,15.0,,src/main/kotlin/dugsolutions/leaf/v35/player/decision/baseline/HumanBaselinePolicy.kt:386,calibration value; no empirical unit documented
numeric_constant,DEFAULT_BATTLE_TRANSITION_SCALE,Base spacing between Human Baseline Battle transition tiers.,100,,src/main/kotlin/dugsolutions/leaf/v35/player/decision/baseline/HumanBaselinePolicy.kt:389,calibration value; no empirical unit documented
numeric_constant,DEFAULT_BATTLE_CLOSE_MARGIN,Live-threat margin at or inside which a Strike Row is a close contest.,4,,src/main/kotlin/dugsolutions/leaf/v35/player/decision/baseline/HumanBaselinePolicy.kt:392,calibration value; no empirical unit documented
numeric_constant,DEFAULT_BATTLE_SECURED_LEAD,Live-threat lead at which Human Baseline treats a winning row as secured for now.,10,,src/main/kotlin/dugsolutions/leaf/v35/player/decision/baseline/HumanBaselinePolicy.kt:395,calibration value; no empirical unit documented
numeric_constant,DEFAULT_BATTLE_HOPELESS_DEFICIT,Score-benchmark deficit at which a non-winning row becomes potentially hopeless.,10,,src/main/kotlin/dugsolutions/leaf/v35/player/decision/baseline/HumanBaselinePolicy.kt:398,calibration value; no empirical unit documented
numeric_constant,DEFAULT_BATTLE_WATER_REFRESH_MIN_IMPROVEMENT_STEPS,Minimum named-transition steps that normally justify spending Water to refresh.,2,,src/main/kotlin/dugsolutions/leaf/v35/player/decision/baseline/HumanBaselinePolicy.kt:404,calibration value; no empirical unit documented
numeric_constant,DEFAULT_BATTLE_IMMEDIATE_RESOLVE_MIN_LEAD,Minimum lead over every opponent before the immediate-resolve Wisp is considered.,5,,src/main/kotlin/dugsolutions/leaf/v35/player/decision/baseline/HumanBaselinePolicy.kt:407,calibration value; no empirical unit documented
numeric_constant,DEFAULT_BATTLE_IMMEDIATE_RESOLVE_MIN_OPPONENT_SUPPORT,Minimum remaining Support moves on each live contender before immediate resolution is attractive.,3,,src/main/kotlin/dugsolutions/leaf/v35/player/decision/baseline/HumanBaselinePolicy.kt:410,calibration value; no empirical unit documented
numeric_constant,BASE_SCORE,Human Baseline's intentionally small ordinary Bee/Worm preference.,50,,src/main/kotlin/dugsolutions/leaf/v35/player/decision/baseline/reward/CritterRewardPriority.kt:9,calibration value; no empirical unit documented
numeric_constant,ORDINARY_PREFERENCE_BONUS,Human Baseline's intentionally small ordinary Bee/Worm preference.,20,,src/main/kotlin/dugsolutions/leaf/v35/player/decision/baseline/reward/CritterRewardPriority.kt:10,calibration value; no empirical unit documented
numeric_constant,COST_WEIGHT,cost weight,2,,src/main/kotlin/dugsolutions/leaf/v35/player/decision/baseline/card/PlantPreservationEvaluator.kt:26,calibration value; no empirical unit documented
numeric_constant,POINTS_PER_VALUE,Shared context math used by individual Plant/Wisp scorers.,3,,src/main/kotlin/dugsolutions/leaf/v35/player/decision/baseline/card/CardScoringHelpers.kt:28,calibration value; no empirical unit documented
numeric_constant,WOUND_MARGIN,wound margin,5.0,,src/main/kotlin/dugsolutions/leaf/v35/player/decision/baseline/battle/BattleActionAnalyzer.kt:194,mechanical/rule constant
numeric_constant,GAIN_D4_VALUE,gain d4 value,4.0,,src/main/kotlin/dugsolutions/leaf/v35/player/decision/baseline/battle/BattlePetalToDie4Analyzer.kt:140,calibration value; no empirical unit documented
numeric_constant,WOUND_MARGIN,wound margin,5.0,,src/main/kotlin/dugsolutions/leaf/v35/player/decision/baseline/battle/BattleDeterministicStrikeRowTargetAnalyzer.kt:171,mechanical/rule constant
numeric_constant,DISQUALIFIED_PREMIUM_SCORE,disqualified premium score,-10_000,,src/main/kotlin/dugsolutions/leaf/v35/player/decision/baseline/battle/BattleSupportPriority.kt:129,calibration value; no empirical unit documented
numeric_constant,WOUND_MARGIN,wound margin,5.0,,src/main/kotlin/dugsolutions/leaf/v35/player/decision/baseline/battle/BattleGustOfPetalsStrikeRowAnalyzer.kt:131,mechanical/rule constant
numeric_constant,WOUND_MARGIN,wound margin,5.0,,src/main/kotlin/dugsolutions/leaf/v35/player/decision/baseline/battle/BattleOwnTotalChangeAnalyzer.kt:111,mechanical/rule constant
numeric_constant,WOUND_MARGIN,wound margin,5.0,,src/main/kotlin/dugsolutions/leaf/v35/player/decision/baseline/battle/BattleVpImpact.kt:103,mechanical/rule constant
numeric_constant,WOUND_MARGIN,wound margin,5.0,,src/main/kotlin/dugsolutions/leaf/v35/player/decision/baseline/battle/BattleSupportReachability.kt:221,mechanical/rule constant
numeric_constant,DISQUALIFIED_PREMIUM_SCORE,disqualified premium score,-10_000,,src/main/kotlin/dugsolutions/leaf/v35/player/decision/baseline/battle/BattleEnablingSupportAnalyzer.kt:282,calibration value; no empirical unit documented
numeric_constant,REFRESHED_BUTTERFLY_BONUS,refreshed butterfly bonus,5,,src/main/kotlin/dugsolutions/leaf/v35/player/decision/baseline/battle/BattleEnablingSupportAnalyzer.kt:283,calibration value; no empirical unit documented
numeric_constant,WOUND_MARGIN,"Game-rule Wound margin, mirrored here until Battle rules expose it publicly.",5,,src/main/kotlin/dugsolutions/leaf/v35/player/decision/baseline/battle/BattleRowAssessor.kt:175,mechanical/rule constant
numeric_constant,WOUND_MARGIN,wound margin,5.0,,src/main/kotlin/dugsolutions/leaf/v35/player/decision/baseline/battle/BattleGustOfPetalsTargetAnalyzer.kt:202,mechanical/rule constant
numeric_constant,WOUND_MARGIN,wound margin,5.0,,src/main/kotlin/dugsolutions/leaf/v35/player/decision/baseline/battle/BattleRootWellTargetAnalyzer.kt:141,mechanical/rule constant
numeric_constant,WOUND_MARGIN,wound margin,5.0,,src/main/kotlin/dugsolutions/leaf/v35/player/decision/baseline/battle/BattleDiePlacementAnalyzer.kt:130,mechanical/rule constant
numeric_constant,DONE_SCORE,done score,35,,src/main/kotlin/dugsolutions/leaf/v35/player/decision/baseline/battle/BattleOEdelweissAnalyzer.kt:128,calibration value; no empirical unit documented
numeric_constant,FACE_UP_FLIP_PENALTY,face up flip penalty,1,,src/main/kotlin/dugsolutions/leaf/v35/player/decision/baseline/battle/BattleOEdelweissAnalyzer.kt:130,calibration value; no empirical unit documented
numeric_constant,WOUND_MARGIN,Actual game-rule Wound margin.,5.0,,src/main/kotlin/dugsolutions/leaf/v35/player/decision/baseline/battle/BattleSwingEvaluator.kt:249,mechanical/rule constant
numeric_constant,CRITTER_SPEND_STARTING_PERCENTAGE,critter spend starting percentage,5,,src/main/kotlin/dugsolutions/leaf/v35/player/decision/baseline/buy/HumanBaselineBuyStrategy.kt:66,calibration value; no empirical unit documented
numeric_constant,BEE_PREFERENCE_PERCENTAGE,bee preference percentage,67,,src/main/kotlin/dugsolutions/leaf/v35/player/decision/baseline/buy/HumanBaselineBuyStrategy.kt:68,calibration value; no empirical unit documented
numeric_constant,DEFAULT_CARD_ACQUIRE_VP_POINTS_PER_VP,CardScoringHelpers.acquireScore currently contributes three points per projected VP.,3,,src/main/kotlin/dugsolutions/leaf/v35/player/decision/baseline/buy/PurchasePriority.kt:77,calibration value; no empirical unit documented
numeric_constant,MAX_PLANNED_HAND_DICE,max planned hand dice,9,,src/main/kotlin/dugsolutions/leaf/v35/player/decision/baseline/buy/HumanBaselineBuyPlanner.kt:517,calibration value; no empirical unit documented
numeric_constant,MAX_PLANNED_PURCHASES,max planned purchases,2,,src/main/kotlin/dugsolutions/leaf/v35/player/decision/baseline/buy/HumanBaselineBuyPlanner.kt:518,calibration value; no empirical unit documented
numeric_constant,PLANT_TIER_ROLL_SCALE,plant tier roll scale,1_000_000,,src/main/kotlin/dugsolutions/leaf/v35/player/decision/baseline/buy/HumanBaselineBuyPlanner.kt:519,calibration value; no empirical unit documented
numeric_constant,WOUND_MARGIN,wound margin,5,,src/main/kotlin/dugsolutions/leaf/v35/player/decision/baseline/common/RowNeed.kt:57,mechanical/rule constant
numeric_constant,BASE_SCORE,Scores legal physical graft positions without considering card-specific strategy.,60,,src/main/kotlin/dugsolutions/leaf/v35/player/decision/baseline/placement/GraftPlacementPriority.kt:13,calibration value; no empirical unit documented
numeric_constant,CONSTRAINED_TOPOLOGY_BONUS,Scores legal physical graft positions without considering card-specific strategy.,20,,src/main/kotlin/dugsolutions/leaf/v35/player/decision/baseline/placement/GraftPlacementPriority.kt:14,calibration value; no empirical unit documented
numeric_constant,ADEQUATE_TOPOLOGY_BONUS,adequate topology bonus,40,,src/main/kotlin/dugsolutions/leaf/v35/player/decision/baseline/placement/GraftPlacementPriority.kt:15,calibration value; no empirical unit documented
numeric_constant,LESS_DEVELOPED_SIDE_BONUS,less developed side bonus,1,,src/main/kotlin/dugsolutions/leaf/v35/player/decision/baseline/placement/GraftPlacementPriority.kt:16,calibration value; no empirical unit documented
numeric_constant,PREMATURE_LAST_SLOT_PENALTY,premature last slot penalty,100,,src/main/kotlin/dugsolutions/leaf/v35/player/decision/baseline/placement/GraftPlacementPriority.kt:17,calibration value; no empirical unit documented
numeric_constant,NO_DIE_SCORE,on later Buy decisions that actually acquire/upgrade dice).,20,,src/main/kotlin/dugsolutions/leaf/v35/player/decision/baseline/cultivation/DrawPriority.kt:18,calibration value; no empirical unit documented
numeric_constant,BASE_SCORE,base score,35,,src/main/kotlin/dugsolutions/leaf/v35/player/decision/baseline/cultivation/DrawPriority.kt:19,calibration value; no empirical unit documented
numeric_constant,POINTS_PER_EXPECTED_VALUE,points per expected value,4,,src/main/kotlin/dugsolutions/leaf/v35/player/decision/baseline/cultivation/DrawPriority.kt:20,calibration value; no empirical unit documented
numeric_constant,WATER_REFRESH_PLANT_VALUE_DIVISOR,water refresh plant value divisor,4,,src/main/kotlin/dugsolutions/leaf/v35/player/decision/baseline/cultivation/CultivationSupportPriority.kt:32,calibration value; no empirical unit documented
numeric_constant,WATER_REFRESH_BUTTERFLY_BONUS,water refresh butterfly bonus,8,,src/main/kotlin/dugsolutions/leaf/v35/player/decision/baseline/cultivation/CultivationSupportPriority.kt:33,calibration value; no empirical unit documented
numeric_constant,WORM_FLIP_CARD_VALUE_DIVISOR,worm flip card value divisor,2,,src/main/kotlin/dugsolutions/leaf/v35/player/decision/baseline/cultivation/CultivationSupportPriority.kt:39,calibration value; no empirical unit documented
numeric_constant,NO_TARGET_SCORE,being selected after the player decided that Mulch was worth considering.,10,,src/main/kotlin/dugsolutions/leaf/v35/player/decision/baseline/cultivation/resource/MulchPriority.kt:17,calibration value; no empirical unit documented
numeric_constant,BASE_SCORE,base score,45,,src/main/kotlin/dugsolutions/leaf/v35/player/decision/baseline/cultivation/resource/MulchPriority.kt:18,calibration value; no empirical unit documented
numeric_constant,LOW_ROLL_BONUS,low roll bonus,20,,src/main/kotlin/dugsolutions/leaf/v35/player/decision/baseline/cultivation/resource/MulchPriority.kt:19,calibration value; no empirical unit documented
numeric_constant,BELOW_RESERVE_BONUS,below reserve bonus,10,,src/main/kotlin/dugsolutions/leaf/v35/player/decision/baseline/cultivation/resource/MulchPriority.kt:21,calibration value; no empirical unit documented
numeric_constant,HIGH_SIDED_BONUS_DIVISOR,high sided bonus divisor,4,,src/main/kotlin/dugsolutions/leaf/v35/player/decision/baseline/cultivation/resource/MulchPriority.kt:22,calibration value; no empirical unit documented
numeric_constant,HIGH_SIDED_BONUS_CAP,high sided bonus cap,5,,src/main/kotlin/dugsolutions/leaf/v35/player/decision/baseline/cultivation/resource/MulchPriority.kt:23,calibration value; no empirical unit documented
numeric_constant,POINTS_PER_BUY_TIER,points per buy tier,10,,src/main/kotlin/dugsolutions/leaf/v35/player/decision/baseline/cultivation/resource/MulchPriority.kt:24,calibration value; no empirical unit documented
numeric_constant,NEVER_MULCH_SCORE,never mulch score,-1000,,src/main/kotlin/dugsolutions/leaf/v35/player/decision/baseline/cultivation/resource/MulchPriority.kt:25,calibration value; no empirical unit documented
numeric_constant,BASE_SCORE,Scores acquiring Water as a reusable Cultivation/Battle support resource.,30,,src/main/kotlin/dugsolutions/leaf/v35/player/decision/baseline/cultivation/resource/WaterPriority.kt:9,calibration value; no empirical unit documented
numeric_constant,FIRST_WATER_BONUS,Scores acquiring Water as a reusable Cultivation/Battle support resource.,20,,src/main/kotlin/dugsolutions/leaf/v35/player/decision/baseline/cultivation/resource/WaterPriority.kt:10,calibration value; no empirical unit documented
numeric_constant,SECOND_WATER_BONUS,second water bonus,10,,src/main/kotlin/dugsolutions/leaf/v35/player/decision/baseline/cultivation/resource/WaterPriority.kt:11,calibration value; no empirical unit documented
numeric_constant,HEALTHY_RESERVE_PENALTY,healthy reserve penalty,-15,,src/main/kotlin/dugsolutions/leaf/v35/player/decision/baseline/cultivation/resource/WaterPriority.kt:12,calibration value; no empirical unit documented
numeric_constant,NO_TARGET_SCORE,"rolls are roughly a coin flip, and a second die commitment is rarer.",15,,src/main/kotlin/dugsolutions/leaf/v35/player/decision/baseline/cultivation/resource/CompostPriority.kt:32,calibration value; no empirical unit documented
numeric_constant,BASE_SCORE,base score,75,,src/main/kotlin/dugsolutions/leaf/v35/player/decision/baseline/cultivation/resource/CompostPriority.kt:33,calibration value; no empirical unit documented
numeric_constant,POINTS_PER_UPGRADE_SIDE,points per upgrade side,2,,src/main/kotlin/dugsolutions/leaf/v35/player/decision/baseline/cultivation/resource/CompostPriority.kt:34,calibration value; no empirical unit documented
numeric_constant,POINTS_PER_BUY_TIER,points per buy tier,10,,src/main/kotlin/dugsolutions/leaf/v35/player/decision/baseline/cultivation/resource/CompostPriority.kt:35,calibration value; no empirical unit documented
numeric_constant,POINTS_PER_FUTURE_CULTIVATION_ROUND,points per future cultivation round,2,,src/main/kotlin/dugsolutions/leaf/v35/player/decision/baseline/cultivation/resource/CompostPriority.kt:36,calibration value; no empirical unit documented
numeric_constant,MAX_FUTURE_ROUNDS_BONUS_ROUNDS,max future rounds bonus rounds,5,,src/main/kotlin/dugsolutions/leaf/v35/player/decision/baseline/cultivation/resource/CompostPriority.kt:37,calibration value; no empirical unit documented
numeric_constant,MIN_HAND_DICE_BUY_POWER_AFTER_COMPOST,Human Baseline normally wants to preserve enough showing Hand-die power for a cost-5 Root.,5,,src/main/kotlin/dugsolutions/leaf/v35/player/decision/baseline/cultivation/resource/CompostPriority.kt:40,calibration value; no empirical unit documented
numeric_constant,BELOW_HAND_DICE_BUY_POWER_PENALTY,Crossing below the normal cost-5 Hand-die Buy floor should usually make another action preferable.,-40,,src/main/kotlin/dugsolutions/leaf/v35/player/decision/baseline/cultivation/resource/CompostPriority.kt:43,calibration value; no empirical unit documented
numeric_constant,DEFAULT_USE_PERCENTAGE,Ordinary Compost use is intentionally probabilistic rather than automatic.,50,,src/main/kotlin/dugsolutions/leaf/v35/player/decision/baseline/cultivation/resource/CompostPriority.kt:46,calibration value; no empirical unit documented
numeric_constant,LOW_SHOWING_DIE_USE_PERCENTAGE,Ordinary Compost use is intentionally probabilistic rather than automatic.,75,,src/main/kotlin/dugsolutions/leaf/v35/player/decision/baseline/cultivation/resource/CompostPriority.kt:47,calibration value; no empirical unit documented
numeric_constant,BELOW_HAND_DICE_BUY_POWER_USE_PERCENTAGE,Ordinary Compost use is intentionally probabilistic rather than automatic.,10,,src/main/kotlin/dugsolutions/leaf/v35/player/decision/baseline/cultivation/resource/CompostPriority.kt:48,calibration value; no empirical unit documented
numeric_constant,REPEATED_DIE_COMMITMENT_DIVISOR,repeated die commitment divisor,2,,src/main/kotlin/dugsolutions/leaf/v35/player/decision/baseline/cultivation/resource/CompostPriority.kt:49,calibration value; no empirical unit documented
numeric_constant,BASE_SCORE,qualifies). The 50% willingness gate itself lives in HumanBaselinePolicy.,35,,src/main/kotlin/dugsolutions/leaf/v35/player/decision/baseline/cultivation/resource/SunlightPriority.kt:19,calibration value; no empirical unit documented
numeric_constant,POINTS_PER_ACTUAL_GAIN,points per actual gain,5,,src/main/kotlin/dugsolutions/leaf/v35/player/decision/baseline/cultivation/resource/SunlightPriority.kt:21,calibration value; no empirical unit documented
numeric_constant,POINTS_PER_BUY_TIER,points per buy tier,10,,src/main/kotlin/dugsolutions/leaf/v35/player/decision/baseline/cultivation/resource/SunlightPriority.kt:22,calibration value; no empirical unit documented
numeric_constant,USEFUL_WATER_RESERVE,useful water reserve,2,,src/main/kotlin/dugsolutions/leaf/v35/player/decision/baseline/card/plant/root/RootWellBaseline.kt:17,calibration value; no empirical unit documented
test_coverage,HumanBaselinePolicy,,,,src/main/kotlin/dugsolutions/leaf/v35/player/decision/baseline/HumanBaselinePolicy.kt,src/test/kotlin/dugsolutions/leaf/v35/game/buy/BuyCoordinatorTest.kt; src/test/kotlin/dugsolutions/leaf/v35/player/decision/baseline/HumanBaselinePolicyTest.kt; src/test/kotlin/dugsolutions/leaf/v35/player/decision/baseline/reward/HumanBaselineRewardStrategyTest.kt; src/test/kotlin/dugsolutions/leaf/v35/player/decision/baseline/battle/BattleSwingEvaluatorTest.kt; src/test/kotlin/dugsolutions/leaf/v35/player/decision/baseline/battle/BattleSpecialEffectEvaluatorsTest.kt; src/test/kotlin/dugsolutions/leaf/v35/player/decision/baseline/battle/BattleRowAssessorTest.kt; src/test/kotlin/dugsolutions/leaf/v35/player/decision/baseline/battle/BattleSupportReachabilityTest.kt; src/test/kotlin/dugsolutions/leaf/v35/player/decision/baseline/buy/HumanBaselineBuyStrategyTest.kt; src/test/kotlin/dugsolutions/leaf/v35/player/decision/baseline/buy/PaymentPriorityTest.kt; src/test/kotlin/dugsolutions/leaf/v35/player/decision/baseline/placement/HumanBaselineCreaturePlacementStrategyTest.kt; src/test/kotlin/dugsolutions/leaf/v35/player/decision/baseline/cultivation/CultivationSupportPriorityTest.kt; src/test/kotlin/dugsolutions/leaf/v35/player/decision/baseline/cultivation/HumanBaselineCultivationStrategyTest.kt; src/test/kotlin/dugsolutions/leaf/v35/player/decision/baseline/cultivation/PlantActivationPriorityTest.kt; src/test/kotlin/dugsolutions/leaf/v35/player/decision/baseline/cultivation/resource/CultivationMainPriorityTest.kt
test_coverage,HumanBaselineDecisionDirector,,,,src/main/kotlin/dugsolutions/leaf/v35/player/decision/baseline/HumanBaselineDecisionDirector.kt,src/test/kotlin/dugsolutions/leaf/v35/player/decision/DecisionLayerContractTest.kt; src/test/kotlin/dugsolutions/leaf/v35/player/decision/baseline/HumanBaselineDecisionDirectorTest.kt
test_coverage,BaselineInfluenceRegistry,,,,src/main/kotlin/dugsolutions/leaf/v35/player/decision/baseline/influence/BaselineInfluenceRegistry.kt,src/test/kotlin/dugsolutions/leaf/v35/player/decision/baseline/influence/BaselineInfluenceRegistryTest.kt; src/test/kotlin/dugsolutions/leaf/v35/player/decision/baseline/scoring/BaselineScoreEngineTest.kt
test_coverage,HumanBaselineRewardStrategy,,,,src/main/kotlin/dugsolutions/leaf/v35/player/decision/baseline/reward/HumanBaselineRewardStrategy.kt,src/test/kotlin/dugsolutions/leaf/v35/player/decision/DecisionLayerContractTest.kt; src/test/kotlin/dugsolutions/leaf/v35/player/decision/baseline/reward/HumanBaselineRewardStrategyTest.kt
test_coverage,HumanBaselineWoundStrategy,,,,src/main/kotlin/dugsolutions/leaf/v35/player/decision/baseline/wound/HumanBaselineWoundStrategy.kt,src/test/kotlin/dugsolutions/leaf/v35/player/decision/baseline/wound/HumanBaselineWoundStrategyTest.kt
test_coverage,WoundPriority,,,,src/main/kotlin/dugsolutions/leaf/v35/player/decision/baseline/wound/WoundPriority.kt,src/test/kotlin/dugsolutions/leaf/v35/player/decision/baseline/wound/WoundPriorityTest.kt
test_coverage,HumanBaselineCardScorerRegistry,,,,src/main/kotlin/dugsolutions/leaf/v35/player/decision/baseline/card/HumanBaselineCardScorerRegistry.kt,src/test/kotlin/dugsolutions/leaf/v35/player/decision/baseline/card/HumanBaselineCardScorerRegistryTest.kt; src/test/kotlin/dugsolutions/leaf/v35/player/decision/baseline/battle/BattleSupportPriorityTest.kt; src/test/kotlin/dugsolutions/leaf/v35/player/decision/baseline/buy/HumanBaselineBuyStrategyTest.kt; src/test/kotlin/dugsolutions/leaf/v35/player/decision/baseline/cultivation/CultivationSupportPriorityTest.kt; src/test/kotlin/dugsolutions/leaf/v35/player/decision/baseline/cultivation/PlantActivationPriorityTest.kt
test_coverage,PlantPreservationEvaluator,,,,src/main/kotlin/dugsolutions/leaf/v35/player/decision/baseline/card/PlantPreservationEvaluator.kt,src/test/kotlin/dugsolutions/leaf/v35/player/decision/baseline/wound/WoundPriorityTest.kt; src/test/kotlin/dugsolutions/leaf/v35/player/decision/baseline/card/PlantPreservationEvaluatorTest.kt
test_coverage,CardPhase,,,,src/main/kotlin/dugsolutions/leaf/v35/player/decision/baseline/card/CardPhase.kt,src/test/kotlin/dugsolutions/leaf/v35/player/decision/baseline/effect/HumanBaselineEffectStrategyPetalToDie4BattleAlignmentTest.kt; src/test/kotlin/dugsolutions/leaf/v35/player/decision/baseline/cultivation/resource/CultivationMainPriorityTest.kt
test_coverage,CardScoringHelpers,,,,src/main/kotlin/dugsolutions/leaf/v35/player/decision/baseline/card/CardScoringHelpers.kt,src/test/kotlin/dugsolutions/leaf/v35/player/decision/baseline/effect/HumanBaselineEffectStrategyPetalToDie4BattleAlignmentTest.kt; src/test/kotlin/dugsolutions/leaf/v35/player/decision/baseline/cultivation/resource/CultivationMainPriorityTest.kt
test_coverage,HumanBaselineCardScorer,,,,src/main/kotlin/dugsolutions/leaf/v35/player/decision/baseline/card/HumanBaselineCardScorer.kt,src/test/kotlin/dugsolutions/leaf/v35/player/decision/baseline/card/HumanBaselineCardScorerRegistryTest.kt; src/test/kotlin/dugsolutions/leaf/v35/player/decision/baseline/battle/BattleSupportPriorityTest.kt; src/test/kotlin/dugsolutions/leaf/v35/player/decision/baseline/buy/HumanBaselineBuyStrategyTest.kt; src/test/kotlin/dugsolutions/leaf/v35/player/decision/baseline/cultivation/CultivationSupportPriorityTest.kt; src/test/kotlin/dugsolutions/leaf/v35/player/decision/baseline/cultivation/PlantActivationPriorityTest.kt
test_coverage,BattleActionAnalyzer,,,,src/main/kotlin/dugsolutions/leaf/v35/player/decision/baseline/battle/BattleActionAnalyzer.kt,src/test/kotlin/dugsolutions/leaf/v35/player/decision/baseline/battle/BattleActionAnalyzerTest.kt
test_coverage,BattleContinuationAssessor,,,,src/main/kotlin/dugsolutions/leaf/v35/player/decision/baseline/battle/BattleContinuationAssessor.kt,src/test/kotlin/dugsolutions/leaf/v35/player/decision/baseline/battle/HumanBaselineBattleStrategyTest.kt; src/test/kotlin/dugsolutions/leaf/v35/player/decision/baseline/battle/BattleContinuationAssessorTest.kt
test_coverage,BattlePetalToDie4Analyzer,,,,src/main/kotlin/dugsolutions/leaf/v35/player/decision/baseline/battle/BattlePetalToDie4Analyzer.kt,src/test/kotlin/dugsolutions/leaf/v35/player/decision/baseline/effect/HumanBaselineEffectStrategyPetalToDie4BattleAlignmentTest.kt
test_coverage,BattleDirectSupportAnalyzer,,,,src/main/kotlin/dugsolutions/leaf/v35/player/decision/baseline/battle/BattleDirectSupportAnalyzer.kt,src/test/kotlin/dugsolutions/leaf/v35/player/decision/baseline/battle/BattleDirectSupportAnalyzerTest.kt
test_coverage,BattleMainPriority,,,,src/main/kotlin/dugsolutions/leaf/v35/player/decision/baseline/battle/BattleMainPriority.kt,src/test/kotlin/dugsolutions/leaf/v35/player/decision/baseline/effect/HumanBaselineEffectStrategyOEdelweissBattleAlignmentTest.kt
test_coverage,BattleSupportPriority,,,,src/main/kotlin/dugsolutions/leaf/v35/player/decision/baseline/battle/BattleSupportPriority.kt,src/test/kotlin/dugsolutions/leaf/v35/player/decision/baseline/battle/BattleOvergrowthEndToEndAlignmentTest.kt; src/test/kotlin/dugsolutions/leaf/v35/player/decision/baseline/battle/BattleSupportPriorityTest.kt; src/test/kotlin/dugsolutions/leaf/v35/player/decision/baseline/battle/BattlePollenTheftEndToEndAlignmentTest.kt; src/test/kotlin/dugsolutions/leaf/v35/player/decision/baseline/battle/BattleImmediateStrikeResolveEndToEndAlignmentTest.kt
test_coverage,BattlePollenTheftEvaluator,,,,src/main/kotlin/dugsolutions/leaf/v35/player/decision/baseline/battle/BattlePollenTheftEvaluator.kt,src/test/kotlin/dugsolutions/leaf/v35/player/decision/baseline/battle/BattleSpecialEffectEvaluatorsTest.kt; src/test/kotlin/dugsolutions/leaf/v35/player/decision/baseline/battle/BattlePollenTheftEndToEndAlignmentTest.kt
test_coverage,BattleTurnOrchestrator,,,,src/main/kotlin/dugsolutions/leaf/v35/player/decision/baseline/battle/BattleTurnOrchestrator.kt,src/test/kotlin/dugsolutions/leaf/v35/player/decision/baseline/battle/BattleOvergrowthEndToEndAlignmentTest.kt; src/test/kotlin/dugsolutions/leaf/v35/player/decision/baseline/battle/BattleTurnOrchestratorTest.kt; src/test/kotlin/dugsolutions/leaf/v35/player/decision/baseline/battle/BattlePollenTheftEndToEndAlignmentTest.kt; src/test/kotlin/dugsolutions/leaf/v35/player/decision/baseline/battle/BattleImmediateStrikeResolveEndToEndAlignmentTest.kt
test_coverage,BattleVpImpact,,,,src/main/kotlin/dugsolutions/leaf/v35/player/decision/baseline/battle/BattleVpImpact.kt,src/test/kotlin/dugsolutions/leaf/v35/player/decision/baseline/battle/BattleVpImpactTest.kt
test_coverage,BattleSupportCapacityAssessor,,,,src/main/kotlin/dugsolutions/leaf/v35/player/decision/baseline/battle/BattleSupportCapacityAssessor.kt,src/test/kotlin/dugsolutions/leaf/v35/player/decision/baseline/battle/HumanBaselineBattleStrategyTest.kt; src/test/kotlin/dugsolutions/leaf/v35/player/decision/baseline/battle/BattleSupportCapacityAssessorTest.kt
test_coverage,BattleSupportReachability,,,,src/main/kotlin/dugsolutions/leaf/v35/player/decision/baseline/battle/BattleSupportReachability.kt,src/test/kotlin/dugsolutions/leaf/v35/player/decision/baseline/battle/BattleSupportReachabilityTest.kt
test_coverage,BattleTempoAssessor,,,,src/main/kotlin/dugsolutions/leaf/v35/player/decision/baseline/battle/BattleTempoAssessor.kt,src/test/kotlin/dugsolutions/leaf/v35/player/decision/baseline/battle/BattleTempoAssessorTest.kt
test_coverage,BattleImmediateStrikeResolveEvaluator,,,,src/main/kotlin/dugsolutions/leaf/v35/player/decision/baseline/battle/BattleImmediateStrikeResolveEvaluator.kt,src/test/kotlin/dugsolutions/leaf/v35/player/decision/baseline/battle/BattleSpecialEffectEvaluatorsTest.kt; src/test/kotlin/dugsolutions/leaf/v35/player/decision/baseline/battle/BattleImmediateStrikeResolveEndToEndAlignmentTest.kt
test_coverage,BattleEnabledPlantAnalyzer,,,,src/main/kotlin/dugsolutions/leaf/v35/player/decision/baseline/battle/BattleEnabledPlantAnalyzer.kt,src/test/kotlin/dugsolutions/leaf/v35/player/decision/baseline/wound/WoundPriorityTest.kt; src/test/kotlin/dugsolutions/leaf/v35/player/decision/baseline/battle/BattleEnabledPlantAnalyzerTest.kt
test_coverage,BattleTwoStepUpgradeEvaluator,,,,src/main/kotlin/dugsolutions/leaf/v35/player/decision/baseline/battle/BattleTwoStepUpgradeEvaluator.kt,src/test/kotlin/dugsolutions/leaf/v35/player/decision/baseline/battle/BattleSpecialEffectEvaluatorsTest.kt
test_coverage,BattleEnablingSupportAnalyzer,,,,src/main/kotlin/dugsolutions/leaf/v35/player/decision/baseline/battle/BattleEnablingSupportAnalyzer.kt,src/test/kotlin/dugsolutions/leaf/v35/player/decision/baseline/battle/BattleEnablingSupportAnalyzerTest.kt
test_coverage,BattleRowAssessor,,,,src/main/kotlin/dugsolutions/leaf/v35/player/decision/baseline/battle/BattleRowAssessor.kt,src/test/kotlin/dugsolutions/leaf/v35/player/decision/baseline/battle/BattleRowAssessorTest.kt; src/test/kotlin/dugsolutions/leaf/v35/player/decision/baseline/battle/HumanBaselineBattleStrategyTest.kt
test_coverage,BattleDiePlacementAnalyzer,,,,src/main/kotlin/dugsolutions/leaf/v35/player/decision/baseline/battle/BattleDiePlacementAnalyzer.kt,src/test/kotlin/dugsolutions/leaf/v35/player/decision/baseline/battle/BattleDiePlacementAnalyzerTest.kt
test_coverage,BattleOEdelweissAnalyzer,,,,src/main/kotlin/dugsolutions/leaf/v35/player/decision/baseline/battle/BattleOEdelweissAnalyzer.kt,src/test/kotlin/dugsolutions/leaf/v35/player/decision/baseline/effect/HumanBaselineEffectStrategyOEdelweissBattleAlignmentTest.kt
test_coverage,BattleSwingEvaluator,,,,src/main/kotlin/dugsolutions/leaf/v35/player/decision/baseline/battle/BattleSwingEvaluator.kt,src/test/kotlin/dugsolutions/leaf/v35/player/decision/baseline/battle/BattleSwingEvaluatorTest.kt
test_coverage,HumanBaselineBattleStrategy,,,,src/main/kotlin/dugsolutions/leaf/v35/player/decision/baseline/battle/HumanBaselineBattleStrategy.kt,src/test/kotlin/dugsolutions/leaf/v35/game/round/battle/BattleActionCoordinatorTest.kt; src/test/kotlin/dugsolutions/leaf/v35/player/decision/DecisionLayerContractTest.kt; src/test/kotlin/dugsolutions/leaf/v35/player/decision/baseline/battle/HumanBaselineBattleStrategyTest.kt
test_coverage,HumanBaselineBuyStrategy,,,,src/main/kotlin/dugsolutions/leaf/v35/player/decision/baseline/buy/HumanBaselineBuyStrategy.kt,src/test/kotlin/dugsolutions/leaf/v35/player/decision/DecisionLayerContractTest.kt; src/test/kotlin/dugsolutions/leaf/v35/player/decision/baseline/buy/HumanBaselineBuyStrategyTest.kt; src/simulationTest/kotlin/dugsolutions/leaf/simulation/v35/strategy/planned/PlannedBaselineStrategyTest.kt
test_coverage,PurchaseScoreModifier,,,,src/main/kotlin/dugsolutions/leaf/v35/player/decision/baseline/buy/PurchaseScoreModifier.kt,src/test/kotlin/dugsolutions/leaf/v35/player/decision/baseline/buy/HumanBaselineBuyStrategyTest.kt
test_coverage,PurchasePriority,,,,src/main/kotlin/dugsolutions/leaf/v35/player/decision/baseline/buy/PurchasePriority.kt,src/test/kotlin/dugsolutions/leaf/v35/player/decision/baseline/buy/PurchasePriorityTest.kt
test_coverage,HumanBaselineBuyPlanner,,,,src/main/kotlin/dugsolutions/leaf/v35/player/decision/baseline/buy/HumanBaselineBuyPlanner.kt,src/test/kotlin/dugsolutions/leaf/v35/player/decision/baseline/buy/HumanBaselineBuyStrategyTest.kt
test_coverage,PaymentPriority,,,,src/main/kotlin/dugsolutions/leaf/v35/player/decision/baseline/buy/PaymentPriority.kt,src/test/kotlin/dugsolutions/leaf/v35/player/decision/baseline/buy/PaymentPriorityTest.kt
test_coverage,HumanBaselineSupportStrategy,,,,src/main/kotlin/dugsolutions/leaf/v35/player/decision/baseline/support/HumanBaselineSupportStrategy.kt,src/test/kotlin/dugsolutions/leaf/v35/player/decision/baseline/support/HumanBaselineSupportStrategyTest.kt
test_coverage,BaselineFeatureCalculator,,,,src/main/kotlin/dugsolutions/leaf/v35/player/decision/baseline/context/BaselineFeatureCalculator.kt,src/test/kotlin/dugsolutions/leaf/v35/player/decision/baseline/context/BaselineFeatureCalculatorTest.kt
test_coverage,HumanBaselineEffectStrategy,,,,src/main/kotlin/dugsolutions/leaf/v35/player/decision/baseline/effect/HumanBaselineEffectStrategy.kt,src/test/kotlin/dugsolutions/leaf/v35/player/decision/DecisionLayerContractTest.kt; src/test/kotlin/dugsolutions/leaf/v35/player/decision/baseline/battle/BattleOvergrowthEndToEndAlignmentTest.kt; src/test/kotlin/dugsolutions/leaf/v35/player/decision/baseline/battle/HumanBaselineBattleStrategyTest.kt; src/test/kotlin/dugsolutions/leaf/v35/player/decision/baseline/battle/BattlePollenTheftEndToEndAlignmentTest.kt; src/test/kotlin/dugsolutions/leaf/v35/player/decision/baseline/battle/BattleImmediateStrikeResolveEndToEndAlignmentTest.kt; src/test/kotlin/dugsolutions/leaf/v35/player/decision/baseline/effect/HumanBaselineEffectStrategyPetalToDie4BattleAlignmentTest.kt; src/test/kotlin/dugsolutions/leaf/v35/player/decision/baseline/effect/HumanBaselineEffectStrategyResourceChoiceTest.kt; src/test/kotlin/dugsolutions/leaf/v35/player/decision/baseline/effect/HumanBaselineEffectStrategyDiceChoiceAlignmentTest.kt; src/test/kotlin/dugsolutions/leaf/v35/player/decision/baseline/effect/HumanBaselineEffectStrategyPlantAlignmentTest.kt; src/test/kotlin/dugsolutions/leaf/v35/player/decision/baseline/effect/HumanBaselineEffectStrategyRootWellBattleAlignmentTest.kt; src/test/kotlin/dugsolutions/leaf/v35/player/decision/baseline/effect/HumanBaselineEffectStrategyBattleOwnDieAlignmentTest.kt; src/test/kotlin/dugsolutions/leaf/v35/player/decision/baseline/effect/HumanBaselineEffectStrategyBeeSourceAlignmentTest.kt; src/test/kotlin/dugsolutions/leaf/v35/player/decision/baseline/effect/HumanBaselineEffectStrategyGeneralChoiceTest.kt; src/test/kotlin/dugsolutions/leaf/v35/player/decision/baseline/effect/HumanBaselineEffectStrategyBattleSwapPairAlignmentTest.kt; src/test/kotlin/dugsolutions/leaf/v35/player/decision/baseline/effect/HumanBaselineEffectStrategyTest.kt; src/test/kotlin/dugsolutions/leaf/v35/player/decision/baseline/effect/HumanBaselineEffectStrategySpecialChoiceAlignmentTest.kt; src/test/kotlin/dugsolutions/leaf/v35/player/decision/baseline/effect/HumanBaselineEffectStrategyStrikeRowAlignmentTest.kt; src/test/kotlin/dugsolutions/leaf/v35/player/decision/baseline/effect/HumanBaselineEffectStrategyBattleSpecialTest.kt; src/test/kotlin/dugsolutions/leaf/v35/player/decision/baseline/effect/HumanBaselineEffectStrategyOEdelweissBattleAlignmentTest.kt; src/test/kotlin/dugsolutions/leaf/v35/effect/handler/DrawEffectHandlerTest.kt
test_coverage,ScoreAdjustment,,,,src/main/kotlin/dugsolutions/leaf/v35/player/decision/baseline/scoring/ScoreAdjustment.kt,src/test/kotlin/dugsolutions/leaf/v35/chronicle/ChronicleTextRendererTest.kt; src/test/kotlin/dugsolutions/leaf/v35/player/decision/baseline/scoring/BaselineScoreEngineTest.kt
test_coverage,BaselineScoreEngine,,,,src/main/kotlin/dugsolutions/leaf/v35/player/decision/baseline/scoring/BaselineScoreEngine.kt,src/test/kotlin/dugsolutions/leaf/v35/player/decision/baseline/battle/HumanBaselineBattleStrategyTest.kt; src/test/kotlin/dugsolutions/leaf/v35/player/decision/baseline/buy/HumanBaselineBuyStrategyTest.kt; src/test/kotlin/dugsolutions/leaf/v35/player/decision/baseline/support/HumanBaselineSupportStrategyTest.kt; src/test/kotlin/dugsolutions/leaf/v35/player/decision/baseline/effect/HumanBaselineEffectStrategyRootWellBattleAlignmentTest.kt; src/test/kotlin/dugsolutions/leaf/v35/player/decision/baseline/effect/HumanBaselineEffectStrategyBattleOwnDieAlignmentTest.kt; src/test/kotlin/dugsolutions/leaf/v35/player/decision/baseline/effect/HumanBaselineEffectStrategyBeeSourceAlignmentTest.kt; src/test/kotlin/dugsolutions/leaf/v35/player/decision/baseline/effect/HumanBaselineEffectStrategyBattleSpecialTest.kt; src/test/kotlin/dugsolutions/leaf/v35/player/decision/baseline/scoring/BaselineScoreEngineTest.kt; src/test/kotlin/dugsolutions/leaf/v35/player/decision/baseline/placement/HumanBaselineCreaturePlacementStrategyTest.kt; src/test/kotlin/dugsolutions/leaf/v35/effect/handler/DrawEffectHandlerTest.kt
test_coverage,DecisionCandidate,,,,src/main/kotlin/dugsolutions/leaf/v35/player/decision/baseline/scoring/DecisionCandidate.kt,src/test/kotlin/dugsolutions/leaf/v35/player/decision/baseline/influence/BaselineInfluenceRegistryTest.kt; src/test/kotlin/dugsolutions/leaf/v35/player/decision/baseline/scoring/BaselineScoreEngineTest.kt; src/test/kotlin/dugsolutions/leaf/v35/player/decision/baseline/scoring/DecisionLabelFormatterTest.kt; src/test/kotlin/dugsolutions/leaf/v35/player/decision/baseline/card/plant/flower/BeeLovedBloomBaselineTest.kt; src/test/kotlin/dugsolutions/leaf/v35/player/decision/baseline/card/plant/root/RootAppreciationBaselineTest.kt; src/test/kotlin/dugsolutions/leaf/v35/player/decision/baseline/card/plant/root/RootWellBaselineTest.kt
test_coverage,DecisionTag,,,,src/main/kotlin/dugsolutions/leaf/v35/player/decision/baseline/scoring/DecisionTag.kt,src/test/kotlin/dugsolutions/leaf/v35/player/decision/baseline/influence/BaselineInfluenceRegistryTest.kt; src/test/kotlin/dugsolutions/leaf/v35/player/decision/baseline/card/plant/flower/BeeLovedBloomBaselineTest.kt; src/test/kotlin/dugsolutions/leaf/v35/player/decision/baseline/card/plant/root/RootAppreciationBaselineTest.kt; src/test/kotlin/dugsolutions/leaf/v35/player/decision/baseline/card/plant/root/RootWellBaselineTest.kt
test_coverage,PriorityScore,,,,src/main/kotlin/dugsolutions/leaf/v35/player/decision/baseline/scoring/PriorityScore.kt,src/test/kotlin/dugsolutions/leaf/v35/player/decision/baseline/influence/BaselineInfluenceRegistryTest.kt; src/test/kotlin/dugsolutions/leaf/v35/player/decision/baseline/scoring/BaselineScoreEngineTest.kt; src/test/kotlin/dugsolutions/leaf/v35/player/decision/baseline/scoring/DecisionLabelFormatterTest.kt; src/test/kotlin/dugsolutions/leaf/v35/player/decision/baseline/card/plant/flower/BeeLovedBloomBaselineTest.kt; src/test/kotlin/dugsolutions/leaf/v35/player/decision/baseline/card/plant/root/RootAppreciationBaselineTest.kt; src/test/kotlin/dugsolutions/leaf/v35/player/decision/baseline/card/plant/root/RootWellBaselineTest.kt; src/simulationTest/kotlin/dugsolutions/leaf/simulation/v35/strategy/planned/CardFocusModifierTest.kt
test_coverage,ScoredChoice,,,,src/main/kotlin/dugsolutions/leaf/v35/player/decision/baseline/scoring/ScoredChoice.kt,src/test/kotlin/dugsolutions/leaf/v35/player/decision/baseline/scoring/BaselineScoreEngineTest.kt
test_coverage,DecisionLabelFormatter,,,,src/main/kotlin/dugsolutions/leaf/v35/player/decision/baseline/scoring/DecisionLabelFormatter.kt,src/test/kotlin/dugsolutions/leaf/v35/player/decision/baseline/scoring/DecisionLabelFormatterTest.kt
test_coverage,LegalChoiceCombinations,,,,src/main/kotlin/dugsolutions/leaf/v35/player/decision/baseline/scoring/LegalChoiceCombinations.kt,src/test/kotlin/dugsolutions/leaf/v35/player/decision/baseline/scoring/LegalChoiceCombinationsTest.kt
test_coverage,PurchaseThresholdHeuristics,,,,src/main/kotlin/dugsolutions/leaf/v35/player/decision/baseline/common/PurchaseThresholdHeuristics.kt,src/test/kotlin/dugsolutions/leaf/v35/player/decision/baseline/common/PurchaseThresholdHeuristicsTest.kt
test_coverage,ResourceReserveHeuristics,,,,src/main/kotlin/dugsolutions/leaf/v35/player/decision/baseline/common/ResourceReserveHeuristics.kt,src/test/kotlin/dugsolutions/leaf/v35/player/decision/baseline/common/ResourceReserveHeuristicsTest.kt
test_coverage,GraftTopologyEvaluator,,,,src/main/kotlin/dugsolutions/leaf/v35/player/decision/baseline/common/GraftTopologyEvaluator.kt,src/test/kotlin/dugsolutions/leaf/v35/player/decision/baseline/common/GraftTopologyEvaluatorTest.kt
test_coverage,RowNeed,,,,src/main/kotlin/dugsolutions/leaf/v35/player/decision/baseline/common/RowNeed.kt,src/test/kotlin/dugsolutions/leaf/v35/player/decision/baseline/common/RowNeedHeuristicsTest.kt
test_coverage,DevelopmentTargetHeuristics,,,,src/main/kotlin/dugsolutions/leaf/v35/player/decision/baseline/common/DevelopmentTargetHeuristics.kt,src/test/kotlin/dugsolutions/leaf/v35/player/decision/baseline/common/DevelopmentTargetHeuristicsTest.kt
test_coverage,DieValueHeuristics,,,,src/main/kotlin/dugsolutions/leaf/v35/player/decision/baseline/common/DieValueHeuristics.kt,src/test/kotlin/dugsolutions/leaf/v35/player/decision/baseline/common/DieValueHeuristicsTest.kt
test_coverage,GraftPlacementPriority,,,,src/main/kotlin/dugsolutions/leaf/v35/player/decision/baseline/placement/GraftPlacementPriority.kt,src/test/kotlin/dugsolutions/leaf/v35/player/decision/baseline/placement/HumanBaselineCreaturePlacementStrategyTest.kt
test_coverage,HumanBaselineCreaturePlacementStrategy,,,,src/main/kotlin/dugsolutions/leaf/v35/player/decision/baseline/placement/HumanBaselineCreaturePlacementStrategy.kt,src/test/kotlin/dugsolutions/leaf/v35/player/decision/baseline/placement/HumanBaselineCreaturePlacementStrategyTest.kt
test_coverage,PlantActivationPriority,,,,src/main/kotlin/dugsolutions/leaf/v35/player/decision/baseline/cultivation/PlantActivationPriority.kt,src/test/kotlin/dugsolutions/leaf/v35/player/decision/baseline/cultivation/PlantActivationPriorityTest.kt
test_coverage,CultivationSupportPriority,,,,src/main/kotlin/dugsolutions/leaf/v35/player/decision/baseline/cultivation/CultivationSupportPriority.kt,src/test/kotlin/dugsolutions/leaf/v35/player/decision/baseline/cultivation/CultivationSupportPriorityTest.kt
test_coverage,HumanBaselineCultivationStrategy,,,,src/main/kotlin/dugsolutions/leaf/v35/player/decision/baseline/cultivation/HumanBaselineCultivationStrategy.kt,src/test/kotlin/dugsolutions/leaf/v35/player/decision/baseline/cultivation/HumanBaselineCultivationStrategyTest.kt; src/test/kotlin/dugsolutions/leaf/v35/player/decision/baseline/cultivation/resource/CultivationMainPriorityTest.kt
test_coverage,MulchPriority,,,,src/main/kotlin/dugsolutions/leaf/v35/player/decision/baseline/cultivation/resource/MulchPriority.kt,src/test/kotlin/dugsolutions/leaf/v35/player/decision/baseline/cultivation/resource/CultivationMainPriorityTest.kt
test_coverage,CompostPriority,,,,src/main/kotlin/dugsolutions/leaf/v35/player/decision/baseline/cultivation/resource/CompostPriority.kt,src/test/kotlin/dugsolutions/leaf/v35/player/decision/baseline/cultivation/resource/CultivationMainPriorityTest.kt
test_coverage,SunlightPriority,,,,src/main/kotlin/dugsolutions/leaf/v35/player/decision/baseline/cultivation/resource/SunlightPriority.kt,src/test/kotlin/dugsolutions/leaf/v35/player/decision/baseline/cultivation/resource/CultivationMainPriorityTest.kt
test_coverage,WispsLastWordBaseline,,,,src/main/kotlin/dugsolutions/leaf/v35/player/decision/baseline/card/wisp/WispsLastWordBaseline.kt,src/test/kotlin/dugsolutions/leaf/v35/player/decision/baseline/card/wisp/WispCardScorersTest.kt
test_coverage,PollenTheftBaseline,,,,src/main/kotlin/dugsolutions/leaf/v35/player/decision/baseline/card/wisp/PollenTheftBaseline.kt,src/test/kotlin/dugsolutions/leaf/v35/player/decision/baseline/card/wisp/WispCardScorersTest.kt
test_coverage,PollinatingWispBaseline,,,,src/main/kotlin/dugsolutions/leaf/v35/player/decision/baseline/card/wisp/PollinatingWispBaseline.kt,src/test/kotlin/dugsolutions/leaf/v35/player/decision/baseline/card/wisp/WispCardScorersTest.kt
test_coverage,VineAndPunishmentBaseline,,,,src/main/kotlin/dugsolutions/leaf/v35/player/decision/baseline/card/plant/vine/VineAndPunishmentBaseline.kt,src/test/kotlin/dugsolutions/leaf/v35/player/decision/baseline/card/plant/vine/VineCardScorersTest.kt
test_coverage,PartingThornBaseline,,,,src/main/kotlin/dugsolutions/leaf/v35/player/decision/baseline/card/plant/vine/PartingThornBaseline.kt,src/test/kotlin/dugsolutions/leaf/v35/player/decision/baseline/card/plant/vine/VineCardScorersTest.kt
test_coverage,LowAndBeholdBaseline,,,,src/main/kotlin/dugsolutions/leaf/v35/player/decision/baseline/card/plant/vine/LowAndBeholdBaseline.kt,src/test/kotlin/dugsolutions/leaf/v35/player/decision/baseline/card/plant/vine/VineCardScorersTest.kt
test_coverage,QueensBlossomBaseline,,,,src/main/kotlin/dugsolutions/leaf/v35/player/decision/baseline/card/plant/flower/QueensBlossomBaseline.kt,src/test/kotlin/dugsolutions/leaf/v35/player/decision/baseline/card/plant/flower/FlowerCardScorersTest.kt
test_coverage,BloomBackflipBaseline,,,,src/main/kotlin/dugsolutions/leaf/v35/player/decision/baseline/card/plant/flower/BloomBackflipBaseline.kt,src/test/kotlin/dugsolutions/leaf/v35/player/decision/baseline/card/plant/flower/FlowerCardScorersTest.kt
test_coverage,BeeLovedBloomBaseline,,,,src/main/kotlin/dugsolutions/leaf/v35/player/decision/baseline/card/plant/flower/BeeLovedBloomBaseline.kt,src/test/kotlin/dugsolutions/leaf/v35/player/decision/baseline/card/plant/flower/BeeLovedBloomBaselineTest.kt
test_coverage,OEdelweissBaseline,,,,src/main/kotlin/dugsolutions/leaf/v35/player/decision/baseline/card/plant/flower/OEdelweissBaseline.kt,src/test/kotlin/dugsolutions/leaf/v35/player/decision/baseline/card/plant/flower/FlowerCardScorersTest.kt
test_coverage,SappingSnapdragonBaseline,,,,src/main/kotlin/dugsolutions/leaf/v35/player/decision/baseline/card/plant/flower/SappingSnapdragonBaseline.kt,src/test/kotlin/dugsolutions/leaf/v35/player/decision/baseline/card/plant/flower/FlowerCardScorersTest.kt
test_coverage,RootAwakeningBaseline,,,,src/main/kotlin/dugsolutions/leaf/v35/player/decision/baseline/card/plant/root/RootAwakeningBaseline.kt,src/test/kotlin/dugsolutions/leaf/v35/player/decision/baseline/card/plant/root/RootCardScorersTest.kt
test_coverage,RootWellBaseline,,,,src/main/kotlin/dugsolutions/leaf/v35/player/decision/baseline/card/plant/root/RootWellBaseline.kt,src/test/kotlin/dugsolutions/leaf/v35/player/decision/baseline/card/plant/root/RootCardScorersTest.kt; src/test/kotlin/dugsolutions/leaf/v35/player/decision/baseline/card/plant/root/RootWellBaselineTest.kt
test_coverage,RootAppreciationBaseline,,,,src/main/kotlin/dugsolutions/leaf/v35/player/decision/baseline/card/plant/root/RootAppreciationBaseline.kt,src/test/kotlin/dugsolutions/leaf/v35/player/decision/baseline/card/plant/root/RootAppreciationBaselineTest.kt
test_coverage,RootDoubleDownBaseline,,,,src/main/kotlin/dugsolutions/leaf/v35/player/decision/baseline/card/plant/root/RootDoubleDownBaseline.kt,src/test/kotlin/dugsolutions/leaf/v35/player/decision/baseline/card/plant/root/RootCardScorersTest.kt
